{"cameraMode":{"drawMode":0,"name":"Shaded","section":"Shading Mode"},"sceneLighting":true,"audioPlay":false,"sceneViewState":{"m_AlwaysRefresh":false,"showFog":true,"showSkybox":true,"showFlares":true,"showImageEffects":true,"showParticleSystems":true,"showVisualEffectGraphs":true,"m_FxEnabled":true},"in2DMode":false,"pivot":{"x":3.2389440536499025,"y":1.626504898071289,"z":2.330293655395508},"rotation":{"x":0.11924779415130615,"y":0.3130141794681549,"z":-0.039649881422519687,"w":0.9413970112800598},"size":5.982648849487305,"orthographic":false}